题目,选项A,选项B,选项C,正确答案,解析
【第1题】西部计划全国项目办设在哪个部门？,共青团中央,教育部,财政部,A,西部计划全国项目办设在共青团中央青年志愿者行动指导中心。
【第2题】西部计划由哪些部门共同组织实施？,团中央、教育部、财政部、人社部,团中央、民政部、教育部,团中央、农业部、财政部,A,由共青团中央、教育部、财政部、人力资源社会保障部共同组织实施。
【第3题】西部计划志愿者服务期满后，由____进行考核并出具服务鉴定。,服务县项目办,省级项目办,全国项目办,A,志愿者考核工作由服务县项目办会同服务单位共同开展。
【第4题】西部计划的日常管理主要依靠哪一级的项目办？,全国项目办,省级项目办,县级项目办,C,县级项目办直接负责志愿者的日常管理和服务工作。
【第5题】地方项目办的经费主要来源是？,中央财政拨款,地方财政支持和社会募集,志愿者缴纳的费用,B,地方项目办的经费主要依靠地方财政支持和社会广泛募集。
【第6题】西部计划志愿者档案一般由谁负责建立和保管？,全国项目办,省级项目办,县级项目办及服务单位,C,志愿者在服务期间的档案由县级项目办及服务单位建立并保管。
【第7题】各高校招募选拔西部计划志愿者的主要牵头部门是？,高校教务处,高校团委,高校就业指导中心,B,各高校团委（即高校项目办）负责本校志愿者的招募、宣传和初选。
【第8题】如果志愿者在服务期间遇到重大突发事件，应第一时间向谁报告？,全国项目办,服务单位和县级项目办,所在高校,B,应第一时间向直接管理的县级项目办和所在服务单位报告，以便及时处置。
【第9题】西部计划的督导评估机制包含哪些层面？,仅全国层面督导,全国、省、市、县多级督导,仅省级层面督导,B,实施全国、省、市、县多级督导评估，确保项目质量。
【第10题】西部计划志愿者体检标准参照什么执行？,公务员录用体检通用标准,大学生入学体检标准,普通企事业单位入职标准,A,体检工作由各省统筹安排，参照《公务员录用体检通用标准（试行）》执行。
【第11题】西部计划全国项目办设在哪个部门？,共青团中央,教育部,财政部,A,西部计划全国项目办设在共青团中央青年志愿者行动指导中心。
【第12题】西部计划由哪些部门共同组织实施？,团中央、教育部、财政部、人社部,团中央、民政部、教育部,团中央、农业部、财政部,A,由共青团中央、教育部、财政部、人力资源社会保障部共同组织实施。
【第13题】西部计划志愿者服务期满后，由____进行考核并出具服务鉴定。,服务县项目办,省级项目办,全国项目办,A,志愿者考核工作由服务县项目办会同服务单位共同开展。
【第14题】西部计划的日常管理主要依靠哪一级的项目办？,全国项目办,省级项目办,县级项目办,C,县级项目办直接负责志愿者的日常管理和服务工作。
【第15题】地方项目办的经费主要来源是？,中央财政拨款,地方财政支持和社会募集,志愿者缴纳的费用,B,地方项目办的经费主要依靠地方财政支持和社会广泛募集。
【第16题】西部计划志愿者档案一般由谁负责建立和保管？,全国项目办,省级项目办,县级项目办及服务单位,C,志愿者在服务期间的档案由县级项目办及服务单位建立并保管。
【第17题】各高校招募选拔西部计划志愿者的主要牵头部门是？,高校教务处,高校团委,高校就业指导中心,B,各高校团委（即高校项目办）负责本校志愿者的招募、宣传和初选。
【第18题】如果志愿者在服务期间遇到重大突发事件，应第一时间向谁报告？,全国项目办,服务单位和县级项目办,所在高校,B,应第一时间向直接管理的县级项目办和所在服务单位报告，以便及时处置。
【第19题】西部计划的督导评估机制包含哪些层面？,仅全国层面督导,全国、省、市、县多级督导,仅省级层面督导,B,实施全国、省、市、县多级督导评估，确保项目质量。
【第20题】西部计划志愿者体检标准参照什么执行？,公务员录用体检通用标准,大学生入学体检标准,普通企事业单位入职标准,A,体检工作由各省统筹安排，参照《公务员录用体检通用标准（试行）》执行。
【第21题】西部计划全国项目办设在哪个部门？,共青团中央,教育部,财政部,A,西部计划全国项目办设在共青团中央青年志愿者行动指导中心。
【第22题】西部计划由哪些部门共同组织实施？,团中央、教育部、财政部、人社部,团中央、民政部、教育部,团中央、农业部、财政部,A,由共青团中央、教育部、财政部、人力资源社会保障部共同组织实施。
【第23题】西部计划志愿者服务期满后，由____进行考核并出具服务鉴定。,服务县项目办,省级项目办,全国项目办,A,志愿者考核工作由服务县项目办会同服务单位共同开展。
【第24题】西部计划的日常管理主要依靠哪一级的项目办？,全国项目办,省级项目办,县级项目办,C,县级项目办直接负责志愿者的日常管理和服务工作。
【第25题】地方项目办的经费主要来源是？,中央财政拨款,地方财政支持和社会募集,志愿者缴纳的费用,B,地方项目办的经费主要依靠地方财政支持和社会广泛募集。
【第26题】西部计划志愿者档案一般由谁负责建立和保管？,全国项目办,省级项目办,县级项目办及服务单位,C,志愿者在服务期间的档案由县级项目办及服务单位建立并保管。
【第27题】各高校招募选拔西部计划志愿者的主要牵头部门是？,高校教务处,高校团委,高校就业指导中心,B,各高校团委（即高校项目办）负责本校志愿者的招募、宣传和初选。
【第28题】如果志愿者在服务期间遇到重大突发事件，应第一时间向谁报告？,全国项目办,服务单位和县级项目办,所在高校,B,应第一时间向直接管理的县级项目办和所在服务单位报告，以便及时处置。
【第29题】西部计划的督导评估机制包含哪些层面？,仅全国层面督导,全国、省、市、县多级督导,仅省级层面督导,B,实施全国、省、市、县多级督导评估，确保项目质量。
【第30题】西部计划志愿者体检标准参照什么执行？,公务员录用体检通用标准,大学生入学体检标准,普通企事业单位入职标准,A,体检工作由各省统筹安排，参照《公务员录用体检通用标准（试行）》执行。
【第1题】大学生志愿服务西部计划于哪一年正式启动实施？,1999年,2001年,2003年,C,西部计划于2003年正式启动实施。
【第2题】西部计划实施以来，其主要口号是？,到西部去、到基层去、到祖国最需要的地方去,知识改变命运，志愿奉献青春,走入基层，服务农村,A,“到西部去、到基层去、到祖国最需要的地方去”是西部计划的响亮口号。
【第3题】西部计划最初实施时，主要针对的群体是？,普通高校应届毕业生,在校大学生,社会闲散青年,A,最初主要招募普通高等学校应届毕业生，后来逐步扩大到在读研究生等群体。
【第4题】2024年，西部计划首次将哪个专项作为重点扩容领域？,支医专项,卫国戍边专项,水利建设专项,B,近年来为响应国家号召，重点加强了卫国戍边等专项计划。
【第5题】西部计划发展过程中，将其纳入哪项国家重大人才工程？,海外高层次人才引进计划,高校毕业生基层培养计划,特岗教师计划,B,西部计划是国家重大人才工程“高校毕业生基层培养计划”的子项目。
【第6题】截至目前，西部计划已经累计派出了大约多少万名志愿者？,10多万,30多万,50多万,C,西部计划实施20多年来，累计派出50余万名志愿者到基层服务。
【第7题】西部计划在脱贫攻坚期间发挥了重要作用，当前主要服务于哪一国家战略？,科教兴国战略,乡村振兴战略,创新驱动发展战略,B,全面脱贫后，西部计划的工作重点转向全面推进乡村振兴战略。
【第8题】哪一项属于近年来西部计划拓展的新服务领域？,支教,支农,基层青年工作,C,基层青年工作、乡村社会治理等是近年来逐步拓展和规范的专项。
【第9题】西部计划的发展模式被誉为中国特色的____机制探索。,青年社会实践,志愿服务动员,应届生强制就业,B,西部计划探索了中国特色青年志愿服务动员机制。
【第10题】历经多年发展，西部计划服务期也由最初的固定期限，调整为____。,1至3年,必须满5年,只能半年,A,服务期目前一般为1至3年，可根据情况申请延期，最长不超过3年。
【第11题】大学生志愿服务西部计划于哪一年正式启动实施？,1999年,2001年,2003年,C,西部计划于2003年正式启动实施。
【第12题】西部计划实施以来，其主要口号是？,到西部去、到基层去、到祖国最需要的地方去,知识改变命运，志愿奉献青春,走入基层，服务农村,A,“到西部去、到基层去、到祖国最需要的地方去”是西部计划的响亮口号。
【第13题】西部计划最初实施时，主要针对的群体是？,普通高校应届毕业生,在校大学生,社会闲散青年,A,最初主要招募普通高等学校应届毕业生，后来逐步扩大到在读研究生等群体。
【第14题】2024年，西部计划首次将哪个专项作为重点扩容领域？,支医专项,卫国戍边专项,水利建设专项,B,近年来为响应国家号召，重点加强了卫国戍边等专项计划。
【第15题】西部计划发展过程中，将其纳入哪项国家重大人才工程？,海外高层次人才引进计划,高校毕业生基层培养计划,特岗教师计划,B,西部计划是国家重大人才工程“高校毕业生基层培养计划”的子项目。
【第16题】截至目前，西部计划已经累计派出了大约多少万名志愿者？,10多万,30多万,50多万,C,西部计划实施20多年来，累计派出50余万名志愿者到基层服务。
【第17题】西部计划在脱贫攻坚期间发挥了重要作用，当前主要服务于哪一国家战略？,科教兴国战略,乡村振兴战略,创新驱动发展战略,B,全面脱贫后，西部计划的工作重点转向全面推进乡村振兴战略。
【第18题】哪一项属于近年来西部计划拓展的新服务领域？,支教,支农,基层青年工作,C,基层青年工作、乡村社会治理等是近年来逐步拓展和规范的专项。
【第19题】西部计划的发展模式被誉为中国特色的____机制探索。,青年社会实践,志愿服务动员,应届生强制就业,B,西部计划探索了中国特色青年志愿服务动员机制。
【第20题】历经多年发展，西部计划服务期也由最初的固定期限，调整为____。,1至3年,必须满5年,只能半年,A,服务期目前一般为1至3年，可根据情况申请延期，最长不超过3年。
【第21题】大学生志愿服务西部计划于哪一年正式启动实施？,1999年,2001年,2003年,C,西部计划于2003年正式启动实施。
【第22题】西部计划实施以来，其主要口号是？,到西部去、到基层去、到祖国最需要的地方去,知识改变命运，志愿奉献青春,走入基层，服务农村,A,“到西部去、到基层去、到祖国最需要的地方去”是西部计划的响亮口号。
【第23题】西部计划最初实施时，主要针对的群体是？,普通高校应届毕业生,在校大学生,社会闲散青年,A,最初主要招募普通高等学校应届毕业生，后来逐步扩大到在读研究生等群体。
【第24题】2024年，西部计划首次将哪个专项作为重点扩容领域？,支医专项,卫国戍边专项,水利建设专项,B,近年来为响应国家号召，重点加强了卫国戍边等专项计划。
【第25题】西部计划发展过程中，将其纳入哪项国家重大人才工程？,海外高层次人才引进计划,高校毕业生基层培养计划,特岗教师计划,B,西部计划是国家重大人才工程“高校毕业生基层培养计划”的子项目。
【第26题】截至目前，西部计划已经累计派出了大约多少万名志愿者？,10多万,30多万,50多万,C,西部计划实施20多年来，累计派出50余万名志愿者到基层服务。
【第27题】西部计划在脱贫攻坚期间发挥了重要作用，当前主要服务于哪一国家战略？,科教兴国战略,乡村振兴战略,创新驱动发展战略,B,全面脱贫后，西部计划的工作重点转向全面推进乡村振兴战略。
【第28题】哪一项属于近年来西部计划拓展的新服务领域？,支教,支农,基层青年工作,C,基层青年工作、乡村社会治理等是近年来逐步拓展和规范的专项。
【第29题】西部计划的发展模式被誉为中国特色的____机制探索。,青年社会实践,志愿服务动员,应届生强制就业,B,西部计划探索了中国特色青年志愿服务动员机制。
【第30题】历经多年发展，西部计划服务期也由最初的固定期限，调整为____。,1至3年,必须满5年,只能半年,A,服务期目前一般为1至3年，可根据情况申请延期，最长不超过3年。
【第1题】2024年大学生志愿服务西部计划不包括以下哪个专项？,乡村教育,城市交通管理,卫国戍边,B,西部计划主要包括乡村教育、服务乡村建设、健康乡村、基层青年工作、乡村社会治理、卫国戍边等专项。
【第2题】“乡村教育”专项的主要服务内容是？,在乡镇中小学从事教学及教管工作,在农村开展农业技术推广,在县城开展法治宣传,A,主要在乡镇及以下中小学从事基础教育教学及教学管理工作。
【第3题】“健康乡村”专项主要面向哪些专业的毕业生招募？,师范类专业,医学及相关专业,经济管理类专业,B,主要面向医学及相关专业毕业生，在乡镇卫生院及基层开展医疗服务。
【第4题】从事“基层青年工作”的志愿者，其主要岗位设置在？,县级及以下共青团组织,大型国有企业,高等院校团委,A,主要在县级及乡镇共青团组织从事青年活动组织和团务工作。
【第5题】“服务乡村建设”专项主要涵盖哪些方面？,农业科技推广、农村电商、生态保护等,乡村文艺汇演,乡村医院管理,A,主要围绕农业生产技术、农村电商、环境保护、乡村规划建设等领域。
【第6题】“乡村社会治理”专项侧重于基层哪方面的工作？,法律援助、纠纷调解、社区服务,乡村基础设施建设,乡村中小学英语教学,A,侧重于在乡镇及村居从事基层社会治理、法律服务等工作。
【第7题】“卫国戍边”专项的重点实施区域是？,东南沿海地区,新疆、西藏等边疆民族地区,中部平原地区,B,重点在新疆、西藏及其他边境省份的边境县开展卫国戍边工作。
【第8题】在新疆服务的志愿者，除了常规专项，还可能参与？,新疆学前教育专项,新疆远洋捕捞专项,新疆跨境电商培训专项,A,在新疆，学前教育及国家通用语言文字推广是重要服务领域。
【第9题】为了提升乡村青少年的科学素养，部分志愿者会参与的专项行动是？,七彩假期,三下乡,西部暖冬,A,“七彩假期”是共青团关爱农村留守儿童、提升素质的重要志愿服务项目。
【第10题】所有专项计划的根本指向都是为了？,解决大学生就业难,服务基层发展和国家战略,增加基层财政收入,B,根本指向是引导青年服务基层发展，服务乡村振兴、戍边维稳等国家大局。
【第11题】2024年大学生志愿服务西部计划不包括以下哪个专项？,乡村教育,城市交通管理,卫国戍边,B,西部计划主要包括乡村教育、服务乡村建设、健康乡村、基层青年工作、乡村社会治理、卫国戍边等专项。
【第12题】“乡村教育”专项的主要服务内容是？,在乡镇中小学从事教学及教管工作,在农村开展农业技术推广,在县城开展法治宣传,A,主要在乡镇及以下中小学从事基础教育教学及教学管理工作。
【第13题】“健康乡村”专项主要面向哪些专业的毕业生招募？,师范类专业,医学及相关专业,经济管理类专业,B,主要面向医学及相关专业毕业生，在乡镇卫生院及基层开展医疗服务。
【第14题】从事“基层青年工作”的志愿者，其主要岗位设置在？,县级及以下共青团组织,大型国有企业,高等院校团委,A,主要在县级及乡镇共青团组织从事青年活动组织和团务工作。
【第15题】“服务乡村建设”专项主要涵盖哪些方面？,农业科技推广、农村电商、生态保护等,乡村文艺汇演,乡村医院管理,A,主要围绕农业生产技术、农村电商、环境保护、乡村规划建设等领域。
【第16题】“乡村社会治理”专项侧重于基层哪方面的工作？,法律援助、纠纷调解、社区服务,乡村基础设施建设,乡村中小学英语教学,A,侧重于在乡镇及村居从事基层社会治理、法律服务等工作。
【第17题】“卫国戍边”专项的重点实施区域是？,东南沿海地区,新疆、西藏等边疆民族地区,中部平原地区,B,重点在新疆、西藏及其他边境省份的边境县开展卫国戍边工作。
【第18题】在新疆服务的志愿者，除了常规专项，还可能参与？,新疆学前教育专项,新疆远洋捕捞专项,新疆跨境电商培训专项,A,在新疆，学前教育及国家通用语言文字推广是重要服务领域。
【第19题】为了提升乡村青少年的科学素养，部分志愿者会参与的专项行动是？,七彩假期,三下乡,西部暖冬,A,“七彩假期”是共青团关爱农村留守儿童、提升素质的重要志愿服务项目。
【第20题】所有专项计划的根本指向都是为了？,解决大学生就业难,服务基层发展和国家战略,增加基层财政收入,B,根本指向是引导青年服务基层发展，服务乡村振兴、戍边维稳等国家大局。
【第21题】2024年大学生志愿服务西部计划不包括以下哪个专项？,乡村教育,城市交通管理,卫国戍边,B,西部计划主要包括乡村教育、服务乡村建设、健康乡村、基层青年工作、乡村社会治理、卫国戍边等专项。
【第22题】“乡村教育”专项的主要服务内容是？,在乡镇中小学从事教学及教管工作,在农村开展农业技术推广,在县城开展法治宣传,A,主要在乡镇及以下中小学从事基础教育教学及教学管理工作。
【第23题】“健康乡村”专项主要面向哪些专业的毕业生招募？,师范类专业,医学及相关专业,经济管理类专业,B,主要面向医学及相关专业毕业生，在乡镇卫生院及基层开展医疗服务。
【第24题】从事“基层青年工作”的志愿者，其主要岗位设置在？,县级及以下共青团组织,大型国有企业,高等院校团委,A,主要在县级及乡镇共青团组织从事青年活动组织和团务工作。
【第25题】“服务乡村建设”专项主要涵盖哪些方面？,农业科技推广、农村电商、生态保护等,乡村文艺汇演,乡村医院管理,A,主要围绕农业生产技术、农村电商、环境保护、乡村规划建设等领域。
【第26题】“乡村社会治理”专项侧重于基层哪方面的工作？,法律援助、纠纷调解、社区服务,乡村基础设施建设,乡村中小学英语教学,A,侧重于在乡镇及村居从事基层社会治理、法律服务等工作。
【第27题】“卫国戍边”专项的重点实施区域是？,东南沿海地区,新疆、西藏等边疆民族地区,中部平原地区,B,重点在新疆、西藏及其他边境省份的边境县开展卫国戍边工作。
【第28题】在新疆服务的志愿者，除了常规专项，还可能参与？,新疆学前教育专项,新疆远洋捕捞专项,新疆跨境电商培训专项,A,在新疆，学前教育及国家通用语言文字推广是重要服务领域。
【第29题】为了提升乡村青少年的科学素养，部分志愿者会参与的专项行动是？,七彩假期,三下乡,西部暖冬,A,“七彩假期”是共青团关爱农村留守儿童、提升素质的重要志愿服务项目。
【第30题】所有专项计划的根本指向都是为了？,解决大学生就业难,服务基层发展和国家战略,增加基层财政收入,B,根本指向是引导青年服务基层发展，服务乡村振兴、戍边维稳等国家大局。
【第1题】西部计划志愿者的服务期最长不得超过____年？,1,3,5,B,西部计划志愿者服务期为1至3年，最长不超过3年。
【第2题】志愿者在服务期间，哪项保险是必须统一购买的？,重大疾病保险和人身意外伤害保险,失业保险,生育保险,A,全国项目办或省级项目办必须为志愿者统一购买重大疾病和人身意外伤害等商业保险。
【第3题】志愿者服务满一年且考核合格后，可享受多久的探亲假？,10天,20天,30天,B,服务期满一年的志愿者，享受20天的探亲假（不含路途时间）。
【第4题】在日常管理中，对于擅自离岗达____天及以上的志愿者，将取消其志愿者资格。,3天,7天,15天,C,一般规定，擅自离岗连续达15天或累计达30天，取消资格并解除协议。
【第5题】西部计划志愿者生活补贴的资金来源是？,全额由中央财政承担,中央财政和地方财政共同承担,由服务单位全额承担,B,生活补贴由中央财政统筹安排，地方财政按规定进行配套支持。
【第6题】关于西部计划志愿者期满后的考研政策，以下描述正确的是？,服务期满2年且考核合格，考研初试加10分,服务期满1年即可保研,服务期满考核合格，考研初试加10分,A,根据政策，服务2年以上且考核合格的，服务期满后3年内报考硕士研究生初试总分加10分。
【第7题】如果志愿者在服务期间考取公务员或研究生，能否申请提前终止协议？,绝对不能,可以申请提前终止，但取消政策享受,可以申请并继续享受优惠政策,B,因考学、录用公务员等原因需提前离岗，经批准可终止协议，但不享受期满的优惠政策。
【第8题】志愿者在服务期间的党团组织关系如何处理？,保留在原毕业高校,转至服务单位党团组织,暂时冻结,B,志愿者的党团关系应转至所在服务单位的党团组织，参加组织生活。
【第9题】哪一项不属于西部计划志愿者的基本义务？,遵守服务单位规章制度,接受项目办考核,为服务单位筹集建设资金,C,筹集资金不属于志愿者的法定基本义务，志愿者主要提供智力和劳务支持。
【第10题】发生重大违纪情况的志愿者，将面临何种处理？,仅口头警告,扣发当月补贴,取消志愿者资格，收回相关证件,C,对于严重违反纪律、造成恶劣影响的，直接取消资格，停止享受一切政策。
【第11题】西部计划志愿者的服务期最长不得超过____年？,1,3,5,B,西部计划志愿者服务期为1至3年，最长不超过3年。
【第12题】志愿者在服务期间，哪项保险是必须统一购买的？,重大疾病保险和人身意外伤害保险,失业保险,生育保险,A,全国项目办或省级项目办必须为志愿者统一购买重大疾病和人身意外伤害等商业保险。
【第13题】志愿者服务满一年且考核合格后，可享受多久的探亲假？,10天,20天,30天,B,服务期满一年的志愿者，享受20天的探亲假（不含路途时间）。
【第14题】在日常管理中，对于擅自离岗达____天及以上的志愿者，将取消其志愿者资格。,3天,7天,15天,C,一般规定，擅自离岗连续达15天或累计达30天，取消资格并解除协议。
【第15题】西部计划志愿者生活补贴的资金来源是？,全额由中央财政承担,中央财政和地方财政共同承担,由服务单位全额承担,B,生活补贴由中央财政统筹安排，地方财政按规定进行配套支持。
【第16题】关于西部计划志愿者期满后的考研政策，以下描述正确的是？,服务期满2年且考核合格，考研初试加10分,服务期满1年即可保研,服务期满考核合格，考研初试加10分,A,根据政策，服务2年以上且考核合格的，服务期满后3年内报考硕士研究生初试总分加10分。
【第17题】如果志愿者在服务期间考取公务员或研究生，能否申请提前终止协议？,绝对不能,可以申请提前终止，但取消政策享受,可以申请并继续享受优惠政策,B,因考学、录用公务员等原因需提前离岗，经批准可终止协议，但不享受期满的优惠政策。
【第18题】志愿者在服务期间的党团组织关系如何处理？,保留在原毕业高校,转至服务单位党团组织,暂时冻结,B,志愿者的党团关系应转至所在服务单位的党团组织，参加组织生活。
【第19题】哪一项不属于西部计划志愿者的基本义务？,遵守服务单位规章制度,接受项目办考核,为服务单位筹集建设资金,C,筹集资金不属于志愿者的法定基本义务，志愿者主要提供智力和劳务支持。
【第20题】发生重大违纪情况的志愿者，将面临何种处理？,仅口头警告,扣发当月补贴,取消志愿者资格，收回相关证件,C,对于严重违反纪律、造成恶劣影响的，直接取消资格，停止享受一切政策。
【第21题】西部计划志愿者的服务期最长不得超过____年？,1,3,5,B,西部计划志愿者服务期为1至3年，最长不超过3年。
【第22题】志愿者在服务期间，哪项保险是必须统一购买的？,重大疾病保险和人身意外伤害保险,失业保险,生育保险,A,全国项目办或省级项目办必须为志愿者统一购买重大疾病和人身意外伤害等商业保险。
【第23题】志愿者服务满一年且考核合格后，可享受多久的探亲假？,10天,20天,30天,B,服务期满一年的志愿者，享受20天的探亲假（不含路途时间）。
【第24题】在日常管理中，对于擅自离岗达____天及以上的志愿者，将取消其志愿者资格。,3天,7天,15天,C,一般规定，擅自离岗连续达15天或累计达30天，取消资格并解除协议。
【第25题】西部计划志愿者生活补贴的资金来源是？,全额由中央财政承担,中央财政和地方财政共同承担,由服务单位全额承担,B,生活补贴由中央财政统筹安排，地方财政按规定进行配套支持。
【第26题】关于西部计划志愿者期满后的考研政策，以下描述正确的是？,服务期满2年且考核合格，考研初试加10分,服务期满1年即可保研,服务期满考核合格，考研初试加10分,A,根据政策，服务2年以上且考核合格的，服务期满后3年内报考硕士研究生初试总分加10分。
【第27题】如果志愿者在服务期间考取公务员或研究生，能否申请提前终止协议？,绝对不能,可以申请提前终止，但取消政策享受,可以申请并继续享受优惠政策,B,因考学、录用公务员等原因需提前离岗，经批准可终止协议，但不享受期满的优惠政策。
【第28题】志愿者在服务期间的党团组织关系如何处理？,保留在原毕业高校,转至服务单位党团组织,暂时冻结,B,志愿者的党团关系应转至所在服务单位的党团组织，参加组织生活。
【第29题】哪一项不属于西部计划志愿者的基本义务？,遵守服务单位规章制度,接受项目办考核,为服务单位筹集建设资金,C,筹集资金不属于志愿者的法定基本义务，志愿者主要提供智力和劳务支持。
【第30题】发生重大违纪情况的志愿者，将面临何种处理？,仅口头警告,扣发当月补贴,取消志愿者资格，收回相关证件,C,对于严重违反纪律、造成恶劣影响的，直接取消资格，停止享受一切政策。
【第1题】“卫国戍边”专项计划的核心使命是？,发展边境旅游,稳边固边、兴边富民,引进外资企业,B,卫国戍边专项旨在引导青年扎根边疆，服务稳边固边和兴边富民战略。
【第2题】我国陆地边界线长达____多万公里，戍边任务艰巨。,1.2,1.8,2.2,C,我国陆地边界线长达2.2万多公里。
【第3题】“屯垦戍边”在我国有着悠久历史，新疆生产建设兵团的职责使命是？,劳武结合、屯垦戍边,只负责农业生产,只负责军事防御,A,新疆生产建设兵团肩负着劳武结合、屯垦戍边的光荣使命。
【第4题】在边防管理中，必须坚持的原则是____。,军民融合、党政军警民合力强边固防,完全依赖正规军,边民自治为主,A,新时代戍边坚持“党政军警民”合力强边固防的机制。
【第5题】为了鼓励高校毕业生到边境县基层工作，国家在政策上给予何种倾斜？,全额免除个人所得税,学费补偿和国家助学贷款代偿,直接录用为省级公务员,B,到中西部地区和艰苦边远地区基层单位就业、服务期在3年以上的，实行学费补偿和贷款代偿。
【第6题】卫国戍边不仅仅是守卫领土，还包括防范____的渗透。,外来物种,三股势力（暴力恐怖、民族分裂、宗教极端）,跨国企业,B,稳边固边必须坚决防范和打击“三股势力”的渗透破坏。
【第7题】“治国必治边，____。”这是新时代党的治藏方略的重要内容。,治边先稳藏,治边先富民,治边先修路,A,“治国必治边，治边先稳藏”是习近平总书记提出的重要论断。
【第8题】戍边志愿者在日常工作中，经常需要开展的群众工作是？,普及国家通用语言文字和开展爱国主义教育,推销边境特产,组织边民出国打工,A,推广国家通用语言文字、增强中华民族认同感是稳边的重要群众工作。
【第9题】“巡边、护边”工作常常面临极端恶劣的自然环境，这要求戍边志愿者具备____精神。,开拓创新,喀喇昆仑精神/老西藏精神,精益求精,B,要求发扬“老西藏精神”、“喀喇昆仑精神”，即特别能吃苦、特别能战斗、特别能忍耐、特别能团结、特别能奉献。
【第10题】《中华人民共和国陆地国界法》规定，国家坚持____的方针，加强陆地国界防卫。,防御为主,和平发展,安边固防、强边富民,C,坚持安边固防、强边富民的方针。
【第11题】“卫国戍边”专项计划的核心使命是？,发展边境旅游,稳边固边、兴边富民,引进外资企业,B,卫国戍边专项旨在引导青年扎根边疆，服务稳边固边和兴边富民战略。
【第12题】我国陆地边界线长达____多万公里，戍边任务艰巨。,1.2,1.8,2.2,C,我国陆地边界线长达2.2万多公里。
【第13题】“屯垦戍边”在我国有着悠久历史，新疆生产建设兵团的职责使命是？,劳武结合、屯垦戍边,只负责农业生产,只负责军事防御,A,新疆生产建设兵团肩负着劳武结合、屯垦戍边的光荣使命。
【第14题】在边防管理中，必须坚持的原则是____。,军民融合、党政军警民合力强边固防,完全依赖正规军,边民自治为主,A,新时代戍边坚持“党政军警民”合力强边固防的机制。
【第15题】为了鼓励高校毕业生到边境县基层工作，国家在政策上给予何种倾斜？,全额免除个人所得税,学费补偿和国家助学贷款代偿,直接录用为省级公务员,B,到中西部地区和艰苦边远地区基层单位就业、服务期在3年以上的，实行学费补偿和贷款代偿。
【第16题】卫国戍边不仅仅是守卫领土，还包括防范____的渗透。,外来物种,三股势力（暴力恐怖、民族分裂、宗教极端）,跨国企业,B,稳边固边必须坚决防范和打击“三股势力”的渗透破坏。
【第17题】“治国必治边，____。”这是新时代党的治藏方略的重要内容。,治边先稳藏,治边先富民,治边先修路,A,“治国必治边，治边先稳藏”是习近平总书记提出的重要论断。
【第18题】戍边志愿者在日常工作中，经常需要开展的群众工作是？,普及国家通用语言文字和开展爱国主义教育,推销边境特产,组织边民出国打工,A,推广国家通用语言文字、增强中华民族认同感是稳边的重要群众工作。
【第19题】“巡边、护边”工作常常面临极端恶劣的自然环境，这要求戍边志愿者具备____精神。,开拓创新,喀喇昆仑精神/老西藏精神,精益求精,B,要求发扬“老西藏精神”、“喀喇昆仑精神”，即特别能吃苦、特别能战斗、特别能忍耐、特别能团结、特别能奉献。
【第20题】《中华人民共和国陆地国界法》规定，国家坚持____的方针，加强陆地国界防卫。,防御为主,和平发展,安边固防、强边富民,C,坚持安边固防、强边富民的方针。
【第21题】“卫国戍边”专项计划的核心使命是？,发展边境旅游,稳边固边、兴边富民,引进外资企业,B,卫国戍边专项旨在引导青年扎根边疆，服务稳边固边和兴边富民战略。
【第22题】我国陆地边界线长达____多万公里，戍边任务艰巨。,1.2,1.8,2.2,C,我国陆地边界线长达2.2万多公里。
【第23题】“屯垦戍边”在我国有着悠久历史，新疆生产建设兵团的职责使命是？,劳武结合、屯垦戍边,只负责农业生产,只负责军事防御,A,新疆生产建设兵团肩负着劳武结合、屯垦戍边的光荣使命。
【第24题】在边防管理中，必须坚持的原则是____。,军民融合、党政军警民合力强边固防,完全依赖正规军,边民自治为主,A,新时代戍边坚持“党政军警民”合力强边固防的机制。
【第25题】为了鼓励高校毕业生到边境县基层工作，国家在政策上给予何种倾斜？,全额免除个人所得税,学费补偿和国家助学贷款代偿,直接录用为省级公务员,B,到中西部地区和艰苦边远地区基层单位就业、服务期在3年以上的，实行学费补偿和贷款代偿。
【第26题】卫国戍边不仅仅是守卫领土，还包括防范____的渗透。,外来物种,三股势力（暴力恐怖、民族分裂、宗教极端）,跨国企业,B,稳边固边必须坚决防范和打击“三股势力”的渗透破坏。
【第27题】“治国必治边，____。”这是新时代党的治藏方略的重要内容。,治边先稳藏,治边先富民,治边先修路,A,“治国必治边，治边先稳藏”是习近平总书记提出的重要论断。
【第28题】戍边志愿者在日常工作中，经常需要开展的群众工作是？,普及国家通用语言文字和开展爱国主义教育,推销边境特产,组织边民出国打工,A,推广国家通用语言文字、增强中华民族认同感是稳边的重要群众工作。
【第29题】“巡边、护边”工作常常面临极端恶劣的自然环境，这要求戍边志愿者具备____精神。,开拓创新,喀喇昆仑精神/老西藏精神,精益求精,B,要求发扬“老西藏精神”、“喀喇昆仑精神”，即特别能吃苦、特别能战斗、特别能忍耐、特别能团结、特别能奉献。
【第30题】《中华人民共和国陆地国界法》规定，国家坚持____的方针，加强陆地国界防卫。,防御为主,和平发展,安边固防、强边富民,C,坚持安边固防、强边富民的方针。
【第1题】新时代党的民族工作的主线是？,民族区域自治,铸牢中华民族共同体意识,各民族共同繁荣,B,习近平总书记强调，必须把铸牢中华民族共同体意识作为新时代党的民族工作的主线。
【第2题】“三个离不开”思想是指汉族离不开少数民族，少数民族离不开汉族，以及____。,各少数民族之间也相互离不开,民族地区离不开发达地区,信教群众离不开不信教群众,A,“三个离不开”：汉族离不开少数民族，少数民族离不开汉族，各少数民族之间也相互离不开。
【第3题】铸牢中华民族共同体意识，要引导各族群众牢固树立的“五个认同”包括认同伟大祖国、认同中华民族、认同中华文化、认同中国共产党、以及认同____。,中国特色社会主义,中华优秀传统文化,社会主义核心价值观,A,五个认同是对伟大祖国、中华民族、中华文化、中国共产党、中国特色社会主义的认同。
【第4题】处理我国民族关系的基本原则是____。,民族平等、民族团结、各民族共同繁荣,民族自治、区域发展,少数民族优先发展,A,民族平等、民族团结和各民族共同繁荣是我国处理民族关系的基本原则。
【第5题】我国解决民族问题的基本政治制度是____。,人民代表大会制度,基层群众自治制度,民族区域自治制度,C,民族区域自治制度是我国的一项基本政治制度。
【第6题】习近平总书记比喻各民族要像____一样紧紧抱在一起。,向日葵籽,石榴籽,麻花,B,总书记多次强调，各民族要像石榴籽一样紧紧抱在一起。
【第7题】在民族地区开展工作，必须坚持把____作为文化建设的重中之重。,弘扬少数民族服饰,全面推广普及国家通用语言文字,保留所有原生态习俗,B,全面推广普及国家通用语言文字是铸牢中华民族共同体意识的重要途径。
【第8题】中华文化是各民族文化的____。,集大成者,相互替代物,完全隔离体,A,各民族优秀传统文化都是中华文化的组成部分，中华文化是主干，各民族文化是枝叶。
【第9题】反对两种民族主义，既要反对大汉族主义，也要反对____。,地方民族主义,国际主义,狭隘民族主义,A,我国一贯坚持既反对大汉族主义，也反对地方民族主义。
【第10题】“四个共同”是指中华民族共同开拓了辽阔疆域、共同书写了悠久历史、共同创造了灿烂文化、共同____。,培育了伟大精神,抵御了外来侵略,建设了现代化,A,各民族共同开拓了辽阔疆域，共同书写了悠久历史，共同创造了灿烂文化，共同培育了伟大精神。
【第11题】新时代党的民族工作的主线是？,民族区域自治,铸牢中华民族共同体意识,各民族共同繁荣,B,习近平总书记强调，必须把铸牢中华民族共同体意识作为新时代党的民族工作的主线。
【第12题】“三个离不开”思想是指汉族离不开少数民族，少数民族离不开汉族，以及____。,各少数民族之间也相互离不开,民族地区离不开发达地区,信教群众离不开不信教群众,A,“三个离不开”：汉族离不开少数民族，少数民族离不开汉族，各少数民族之间也相互离不开。
【第13题】铸牢中华民族共同体意识，要引导各族群众牢固树立的“五个认同”包括认同伟大祖国、认同中华民族、认同中华文化、认同中国共产党、以及认同____。,中国特色社会主义,中华优秀传统文化,社会主义核心价值观,A,五个认同是对伟大祖国、中华民族、中华文化、中国共产党、中国特色社会主义的认同。
【第14题】处理我国民族关系的基本原则是____。,民族平等、民族团结、各民族共同繁荣,民族自治、区域发展,少数民族优先发展,A,民族平等、民族团结和各民族共同繁荣是我国处理民族关系的基本原则。
【第15题】我国解决民族问题的基本政治制度是____。,人民代表大会制度,基层群众自治制度,民族区域自治制度,C,民族区域自治制度是我国的一项基本政治制度。
【第16题】习近平总书记比喻各民族要像____一样紧紧抱在一起。,向日葵籽,石榴籽,麻花,B,总书记多次强调，各民族要像石榴籽一样紧紧抱在一起。
【第17题】在民族地区开展工作，必须坚持把____作为文化建设的重中之重。,弘扬少数民族服饰,全面推广普及国家通用语言文字,保留所有原生态习俗,B,全面推广普及国家通用语言文字是铸牢中华民族共同体意识的重要途径。
【第18题】中华文化是各民族文化的____。,集大成者,相互替代物,完全隔离体,A,各民族优秀传统文化都是中华文化的组成部分，中华文化是主干，各民族文化是枝叶。
【第19题】反对两种民族主义，既要反对大汉族主义，也要反对____。,地方民族主义,国际主义,狭隘民族主义,A,我国一贯坚持既反对大汉族主义，也反对地方民族主义。
【第20题】“四个共同”是指中华民族共同开拓了辽阔疆域、共同书写了悠久历史、共同创造了灿烂文化、共同____。,培育了伟大精神,抵御了外来侵略,建设了现代化,A,各民族共同开拓了辽阔疆域，共同书写了悠久历史，共同创造了灿烂文化，共同培育了伟大精神。
【第21题】新时代党的民族工作的主线是？,民族区域自治,铸牢中华民族共同体意识,各民族共同繁荣,B,习近平总书记强调，必须把铸牢中华民族共同体意识作为新时代党的民族工作的主线。
【第22题】“三个离不开”思想是指汉族离不开少数民族，少数民族离不开汉族，以及____。,各少数民族之间也相互离不开,民族地区离不开发达地区,信教群众离不开不信教群众,A,“三个离不开”：汉族离不开少数民族，少数民族离不开汉族，各少数民族之间也相互离不开。
【第23题】铸牢中华民族共同体意识，要引导各族群众牢固树立的“五个认同”包括认同伟大祖国、认同中华民族、认同中华文化、认同中国共产党、以及认同____。,中国特色社会主义,中华优秀传统文化,社会主义核心价值观,A,五个认同是对伟大祖国、中华民族、中华文化、中国共产党、中国特色社会主义的认同。
【第24题】处理我国民族关系的基本原则是____。,民族平等、民族团结、各民族共同繁荣,民族自治、区域发展,少数民族优先发展,A,民族平等、民族团结和各民族共同繁荣是我国处理民族关系的基本原则。
【第25题】我国解决民族问题的基本政治制度是____。,人民代表大会制度,基层群众自治制度,民族区域自治制度,C,民族区域自治制度是我国的一项基本政治制度。
【第26题】习近平总书记比喻各民族要像____一样紧紧抱在一起。,向日葵籽,石榴籽,麻花,B,总书记多次强调，各民族要像石榴籽一样紧紧抱在一起。
【第27题】在民族地区开展工作，必须坚持把____作为文化建设的重中之重。,弘扬少数民族服饰,全面推广普及国家通用语言文字,保留所有原生态习俗,B,全面推广普及国家通用语言文字是铸牢中华民族共同体意识的重要途径。
【第28题】中华文化是各民族文化的____。,集大成者,相互替代物,完全隔离体,A,各民族优秀传统文化都是中华文化的组成部分，中华文化是主干，各民族文化是枝叶。
【第29题】反对两种民族主义，既要反对大汉族主义，也要反对____。,地方民族主义,国际主义,狭隘民族主义,A,我国一贯坚持既反对大汉族主义，也反对地方民族主义。
【第30题】“四个共同”是指中华民族共同开拓了辽阔疆域、共同书写了悠久历史、共同创造了灿烂文化、共同____。,培育了伟大精神,抵御了外来侵略,建设了现代化,A,各民族共同开拓了辽阔疆域，共同书写了悠久历史，共同创造了灿烂文化，共同培育了伟大精神。
【第1题】全民国防教育的根本目的是____。,提高全民军事技能,增强全民国防观念，掌握基本国防知识,全面实行军事化管理,B,全民国防教育旨在增强国防观念，掌握基本的国防知识，发扬爱国主义精神。
【第2题】我国法定的“全民国防教育日”是每年的____。,9月18日,9月的第三个星期六,10月1日,B,《中华人民共和国国防教育法》规定，每年9月的第三个星期六为全民国防教育日。
【第3题】《中华人民共和国国防法》规定，保卫祖国、抵抗侵略是中华人民共和国每一个公民的____。,神圣职责,可选义务,职业选择,A,保卫祖国、抵抗侵略是每一个公民的神圣职责。
【第4题】现代国防不仅包括军事防御，还包括____等多个方面。,政治、经济、科技、文化,仅限于边境巡逻,仅限于武器研发,A,现代国防是综合国力的较量，涵盖政治、经济、科技、文化等全方位。
【第5题】“居安思危，思则有备，有备无患”在国防教育中强调的是____。,忧患意识,发展意识,竞争意识,A,和平时期必须保持强烈的忧患意识，防止麻痹大意。
【第6题】新时代我国国防和军队建设的根本原则是____。,军民融合,党对军队的绝对领导,科技强军,B,坚持党对人民军队的绝对领导，是建军之本、强军之魂。
【第7题】以下哪项属于大学生的国防义务？,依法服兵役和参加民兵组织,必须参加特种部队选拔,自行购买武器装备,A,依法服兵役和参加民兵组织是适龄青年的法定国防义务。
【第8题】大学生军训的主要法律依据是____。,《高等教育法》,《兵役法》和《国防教育法》,《教育法》,B,学生军事训练主要依照《中华人民共和国兵役法》和《中华人民共和国国防教育法》开展。
【第9题】“军民融合发展”战略的核心目的是什么？,让军队接管地方经济,实现富国和强军相统一,让地方企业制造所有武器,B,军民融合发展的核心是把国防和军队现代化建设深深融入经济社会发展体系之中，实现富国与强军的统一。
【第10题】在网络时代，青年志愿者在涉军信息发布上应遵守什么纪律？,随意拍摄营区照片并上传分享,严守国家军事秘密，不泄露涉军敏感信息,只要不收费就可以发布,B,必须严守军事机密，坚决做到“涉密不上网、上网不涉密”。
【第11题】全民国防教育的根本目的是____。,提高全民军事技能,增强全民国防观念，掌握基本国防知识,全面实行军事化管理,B,全民国防教育旨在增强国防观念，掌握基本的国防知识，发扬爱国主义精神。
【第12题】我国法定的“全民国防教育日”是每年的____。,9月18日,9月的第三个星期六,10月1日,B,《中华人民共和国国防教育法》规定，每年9月的第三个星期六为全民国防教育日。
【第13题】《中华人民共和国国防法》规定，保卫祖国、抵抗侵略是中华人民共和国每一个公民的____。,神圣职责,可选义务,职业选择,A,保卫祖国、抵抗侵略是每一个公民的神圣职责。
【第14题】现代国防不仅包括军事防御，还包括____等多个方面。,政治、经济、科技、文化,仅限于边境巡逻,仅限于武器研发,A,现代国防是综合国力的较量，涵盖政治、经济、科技、文化等全方位。
【第15题】“居安思危，思则有备，有备无患”在国防教育中强调的是____。,忧患意识,发展意识,竞争意识,A,和平时期必须保持强烈的忧患意识，防止麻痹大意。
【第16题】新时代我国国防和军队建设的根本原则是____。,军民融合,党对军队的绝对领导,科技强军,B,坚持党对人民军队的绝对领导，是建军之本、强军之魂。
【第17题】以下哪项属于大学生的国防义务？,依法服兵役和参加民兵组织,必须参加特种部队选拔,自行购买武器装备,A,依法服兵役和参加民兵组织是适龄青年的法定国防义务。
【第18题】大学生军训的主要法律依据是____。,《高等教育法》,《兵役法》和《国防教育法》,《教育法》,B,学生军事训练主要依照《中华人民共和国兵役法》和《中华人民共和国国防教育法》开展。
【第19题】“军民融合发展”战略的核心目的是什么？,让军队接管地方经济,实现富国和强军相统一,让地方企业制造所有武器,B,军民融合发展的核心是把国防和军队现代化建设深深融入经济社会发展体系之中，实现富国与强军的统一。
【第20题】在网络时代，青年志愿者在涉军信息发布上应遵守什么纪律？,随意拍摄营区照片并上传分享,严守国家军事秘密，不泄露涉军敏感信息,只要不收费就可以发布,B,必须严守军事机密，坚决做到“涉密不上网、上网不涉密”。
【第21题】全民国防教育的根本目的是____。,提高全民军事技能,增强全民国防观念，掌握基本国防知识,全面实行军事化管理,B,全民国防教育旨在增强国防观念，掌握基本的国防知识，发扬爱国主义精神。
【第22题】我国法定的“全民国防教育日”是每年的____。,9月18日,9月的第三个星期六,10月1日,B,《中华人民共和国国防教育法》规定，每年9月的第三个星期六为全民国防教育日。
【第23题】《中华人民共和国国防法》规定，保卫祖国、抵抗侵略是中华人民共和国每一个公民的____。,神圣职责,可选义务,职业选择,A,保卫祖国、抵抗侵略是每一个公民的神圣职责。
【第24题】现代国防不仅包括军事防御，还包括____等多个方面。,政治、经济、科技、文化,仅限于边境巡逻,仅限于武器研发,A,现代国防是综合国力的较量，涵盖政治、经济、科技、文化等全方位。
【第25题】“居安思危，思则有备，有备无患”在国防教育中强调的是____。,忧患意识,发展意识,竞争意识,A,和平时期必须保持强烈的忧患意识，防止麻痹大意。
【第26题】新时代我国国防和军队建设的根本原则是____。,军民融合,党对军队的绝对领导,科技强军,B,坚持党对人民军队的绝对领导，是建军之本、强军之魂。
【第27题】以下哪项属于大学生的国防义务？,依法服兵役和参加民兵组织,必须参加特种部队选拔,自行购买武器装备,A,依法服兵役和参加民兵组织是适龄青年的法定国防义务。
【第28题】大学生军训的主要法律依据是____。,《高等教育法》,《兵役法》和《国防教育法》,《教育法》,B,学生军事训练主要依照《中华人民共和国兵役法》和《中华人民共和国国防教育法》开展。
【第29题】“军民融合发展”战略的核心目的是什么？,让军队接管地方经济,实现富国和强军相统一,让地方企业制造所有武器,B,军民融合发展的核心是把国防和军队现代化建设深深融入经济社会发展体系之中，实现富国与强军的统一。
【第30题】在网络时代，青年志愿者在涉军信息发布上应遵守什么纪律？,随意拍摄营区照片并上传分享,严守国家军事秘密，不泄露涉军敏感信息,只要不收费就可以发布,B,必须严守军事机密，坚决做到“涉密不上网、上网不涉密”。
【第1题】国家秘密的密级分为____、机密、秘密三级。,绝密,极密,特密,A,国家秘密的密级分为绝密、机密、秘密三级。
【第2题】处理涉密信息的计算机及网络必须与互联网实行____。,逻辑隔离,物理隔离,防火墙隔离,B,涉密计算机及其网络必须与互联网及其他公共信息网络实行物理隔离。
【第3题】保密工作的基本方针是：积极防范、突出重点、____。,全面管控,依法管理,严厉打击,B,保密工作方针：积极防范、突出重点、依法管理。
【第4题】志愿者在西部服务期间，接触到当地政府未公开的文件，正确的做法是？,拍照发朋友圈炫耀,严格保密，不得向无关人员泄露,与亲友私下讨论,B,必须严格遵守保密规定，未公开的文件和内部资料绝对不能外泄。
【第5题】“涉密不上网，上网不涉密”中的“网”主要指的是？,公安内网,互联网,政务外网,B,主要指严禁在互联网及其他公共信息网络中存储、处理、传输涉密信息。
【第6题】如果在微信群中看到他人发布涉密文件，应当怎么做？,转发给其他人核实,立即制止，并向有关保密部门或公安机关报告,下载保存备用,B,应立即提醒撤回/制止，并向保密行政管理部门或公安、国安部门报告。
【第7题】使用手机图文识别（OCR）小程序扫描内部文件，存在什么风险？,没有风险,会导致内部信息上传至第三方服务器，造成泄密,可以提高工作效率，提倡使用,B,第三方小程序会将数据上传至云端服务器，极易造成内部资料和机密泄露。
【第8题】丢弃含有涉密或敏感工作信息的废旧草稿纸，正确的处理方式是？,直接扔进垃圾桶,当废品卖掉,使用碎纸机粉碎销毁,C,涉密载体（含草稿）必须按规定通过碎纸机粉碎等安全方式销毁。
【第9题】《中华人民共和国保守国家秘密法》规定，一切国家机关、武装力量、政党、社会团体、企业事业单位和公民都有____的义务。,查处泄密案件,保守国家秘密,制定保密制度,B,保守国家秘密是每个公民的法定义务。
【第10题】志愿者离开服务岗位时，对持有的涉密载体应当如何处理？,作为纪念品带走,全部清退、移交并办理登记手续,自行销毁,B,离岗离职时，必须将所有涉密载体全部清退移交，不得私自带走或销毁。
【第11题】国家秘密的密级分为____、机密、秘密三级。,绝密,极密,特密,A,国家秘密的密级分为绝密、机密、秘密三级。
【第12题】处理涉密信息的计算机及网络必须与互联网实行____。,逻辑隔离,物理隔离,防火墙隔离,B,涉密计算机及其网络必须与互联网及其他公共信息网络实行物理隔离。
【第13题】保密工作的基本方针是：积极防范、突出重点、____。,全面管控,依法管理,严厉打击,B,保密工作方针：积极防范、突出重点、依法管理。
【第14题】志愿者在西部服务期间，接触到当地政府未公开的文件，正确的做法是？,拍照发朋友圈炫耀,严格保密，不得向无关人员泄露,与亲友私下讨论,B,必须严格遵守保密规定，未公开的文件和内部资料绝对不能外泄。
【第15题】“涉密不上网，上网不涉密”中的“网”主要指的是？,公安内网,互联网,政务外网,B,主要指严禁在互联网及其他公共信息网络中存储、处理、传输涉密信息。
【第16题】如果在微信群中看到他人发布涉密文件，应当怎么做？,转发给其他人核实,立即制止，并向有关保密部门或公安机关报告,下载保存备用,B,应立即提醒撤回/制止，并向保密行政管理部门或公安、国安部门报告。
【第17题】使用手机图文识别（OCR）小程序扫描内部文件，存在什么风险？,没有风险,会导致内部信息上传至第三方服务器，造成泄密,可以提高工作效率，提倡使用,B,第三方小程序会将数据上传至云端服务器，极易造成内部资料和机密泄露。
【第18题】丢弃含有涉密或敏感工作信息的废旧草稿纸，正确的处理方式是？,直接扔进垃圾桶,当废品卖掉,使用碎纸机粉碎销毁,C,涉密载体（含草稿）必须按规定通过碎纸机粉碎等安全方式销毁。
【第19题】《中华人民共和国保守国家秘密法》规定，一切国家机关、武装力量、政党、社会团体、企业事业单位和公民都有____的义务。,查处泄密案件,保守国家秘密,制定保密制度,B,保守国家秘密是每个公民的法定义务。
【第20题】志愿者离开服务岗位时，对持有的涉密载体应当如何处理？,作为纪念品带走,全部清退、移交并办理登记手续,自行销毁,B,离岗离职时，必须将所有涉密载体全部清退移交，不得私自带走或销毁。
【第21题】国家秘密的密级分为____、机密、秘密三级。,绝密,极密,特密,A,国家秘密的密级分为绝密、机密、秘密三级。
【第22题】处理涉密信息的计算机及网络必须与互联网实行____。,逻辑隔离,物理隔离,防火墙隔离,B,涉密计算机及其网络必须与互联网及其他公共信息网络实行物理隔离。
【第23题】保密工作的基本方针是：积极防范、突出重点、____。,全面管控,依法管理,严厉打击,B,保密工作方针：积极防范、突出重点、依法管理。
【第24题】志愿者在西部服务期间，接触到当地政府未公开的文件，正确的做法是？,拍照发朋友圈炫耀,严格保密，不得向无关人员泄露,与亲友私下讨论,B,必须严格遵守保密规定，未公开的文件和内部资料绝对不能外泄。
【第25题】“涉密不上网，上网不涉密”中的“网”主要指的是？,公安内网,互联网,政务外网,B,主要指严禁在互联网及其他公共信息网络中存储、处理、传输涉密信息。
【第26题】如果在微信群中看到他人发布涉密文件，应当怎么做？,转发给其他人核实,立即制止，并向有关保密部门或公安机关报告,下载保存备用,B,应立即提醒撤回/制止，并向保密行政管理部门或公安、国安部门报告。
【第27题】使用手机图文识别（OCR）小程序扫描内部文件，存在什么风险？,没有风险,会导致内部信息上传至第三方服务器，造成泄密,可以提高工作效率，提倡使用,B,第三方小程序会将数据上传至云端服务器，极易造成内部资料和机密泄露。
【第28题】丢弃含有涉密或敏感工作信息的废旧草稿纸，正确的处理方式是？,直接扔进垃圾桶,当废品卖掉,使用碎纸机粉碎销毁,C,涉密载体（含草稿）必须按规定通过碎纸机粉碎等安全方式销毁。
【第29题】《中华人民共和国保守国家秘密法》规定，一切国家机关、武装力量、政党、社会团体、企业事业单位和公民都有____的义务。,查处泄密案件,保守国家秘密,制定保密制度,B,保守国家秘密是每个公民的法定义务。
【第30题】志愿者离开服务岗位时，对持有的涉密载体应当如何处理？,作为纪念品带走,全部清退、移交并办理登记手续,自行销毁,B,离岗离职时，必须将所有涉密载体全部清退移交，不得私自带走或销毁。
【第1题】在西部高原高寒地区服务，为预防“高原反应”，初到时应避免____。,剧烈运动,多喝水,注意保暖,A,初入高原应避免剧烈运动，以防加重高原反应。
【第2题】在基层乡镇乘坐交通工具时，志愿者必须坚决拒绝乘坐____。,正规客运班车,无牌无证、超载及农用三轮车,公交车,B,严禁乘坐非法营运、无牌无证、超载及不具备载客条件的农用车、三轮车。
【第3题】突发地震时，如果在室内，正确的避险做法是？,迅速跳楼逃生,躲在坚固的家具旁或卫生间等小跨度空间，保护头部,马上乘坐电梯下楼,B,应就近躲避在坚固家具旁或卫生间等小开间区域，震后迅速撤离。跳楼和乘电梯极其危险。
【第4题】宿舍发生火灾且火势和浓烟封锁了逃生通道，应该____。,用湿毛巾捂住口鼻强行冲出去,退回房间，用湿毛巾、衣物堵住门缝，在窗边呼救等待救援,躲在床底下,B,通道被浓烟封锁时，应退回室内固守待援，并做好防烟措施。
【第5题】遇到电信网络诈骗，防范的核心原则是？,相信“内部人员”的指示,做到“不听、不信、不转账”,为了证明清白可以先转一点钱,B,防范电信诈骗要做到不轻信、不透露、不转账，遇到可疑情况及时报警。
【第6题】在户外开展志愿服务突遇雷雨天气，以下做法错误的是？,远离高耸的大树和金属电线杆,赶紧跑到大树下避雨,双脚并拢蹲下，降低身体高度,B,雷雨天绝对不能在大树下避雨，容易遭到雷击。
【第7题】基层工作压力大，当志愿者感到长期焦虑、情绪低落时，最佳做法是？,一个人闷在心里硬扛,向项目办反映，寻求专业心理咨询和倾诉支持,借酒消愁,B,关注心理健康，遇到情绪困扰应主动寻求组织支持或专业心理疏导。
【第8题】发生煤气（一氧化碳）中毒时，首要的急救措施是？,立刻打开电器照明查看情况,迅速打开门窗通风，并将患者转移到空气新鲜处,给患者灌醋,B,首要措施是切断气源，开窗通风，转移患者。千万不能触碰电器开关以免引发爆炸。
【第9题】西部某些偏远地区可能有野生动物出没，野外行走应____。,结伴而行，不走未经开发的小路,独自探险以体验刺激,主动靠近投喂野生动物,A,应增强防范意识，结伴而行，远离危险区域。
【第10题】志愿者在驻地使用电暖器等大功率电器时，必须做到____。,人走不断电，保持室内温暖,人走断电，严禁在电暖器上烘烤衣物,与其他大功率电器共用一个排插,B,冬季取暖必须注意消防安全，人走断电，防止引发火灾。
【第11题】在西部高原高寒地区服务，为预防“高原反应”，初到时应避免____。,剧烈运动,多喝水,注意保暖,A,初入高原应避免剧烈运动，以防加重高原反应。
【第12题】在基层乡镇乘坐交通工具时，志愿者必须坚决拒绝乘坐____。,正规客运班车,无牌无证、超载及农用三轮车,公交车,B,严禁乘坐非法营运、无牌无证、超载及不具备载客条件的农用车、三轮车。
【第13题】突发地震时，如果在室内，正确的避险做法是？,迅速跳楼逃生,躲在坚固的家具旁或卫生间等小跨度空间，保护头部,马上乘坐电梯下楼,B,应就近躲避在坚固家具旁或卫生间等小开间区域，震后迅速撤离。跳楼和乘电梯极其危险。
【第14题】宿舍发生火灾且火势和浓烟封锁了逃生通道，应该____。,用湿毛巾捂住口鼻强行冲出去,退回房间，用湿毛巾、衣物堵住门缝，在窗边呼救等待救援,躲在床底下,B,通道被浓烟封锁时，应退回室内固守待援，并做好防烟措施。
【第15题】遇到电信网络诈骗，防范的核心原则是？,相信“内部人员”的指示,做到“不听、不信、不转账”,为了证明清白可以先转一点钱,B,防范电信诈骗要做到不轻信、不透露、不转账，遇到可疑情况及时报警。
【第16题】在户外开展志愿服务突遇雷雨天气，以下做法错误的是？,远离高耸的大树和金属电线杆,赶紧跑到大树下避雨,双脚并拢蹲下，降低身体高度,B,雷雨天绝对不能在大树下避雨，容易遭到雷击。
【第17题】基层工作压力大，当志愿者感到长期焦虑、情绪低落时，最佳做法是？,一个人闷在心里硬扛,向项目办反映，寻求专业心理咨询和倾诉支持,借酒消愁,B,关注心理健康，遇到情绪困扰应主动寻求组织支持或专业心理疏导。
【第18题】发生煤气（一氧化碳）中毒时，首要的急救措施是？,立刻打开电器照明查看情况,迅速打开门窗通风，并将患者转移到空气新鲜处,给患者灌醋,B,首要措施是切断气源，开窗通风，转移患者。千万不能触碰电器开关以免引发爆炸。
【第19题】西部某些偏远地区可能有野生动物出没，野外行走应____。,结伴而行，不走未经开发的小路,独自探险以体验刺激,主动靠近投喂野生动物,A,应增强防范意识，结伴而行，远离危险区域。
【第20题】志愿者在驻地使用电暖器等大功率电器时，必须做到____。,人走不断电，保持室内温暖,人走断电，严禁在电暖器上烘烤衣物,与其他大功率电器共用一个排插,B,冬季取暖必须注意消防安全，人走断电，防止引发火灾。
【第21题】在西部高原高寒地区服务，为预防“高原反应”，初到时应避免____。,剧烈运动,多喝水,注意保暖,A,初入高原应避免剧烈运动，以防加重高原反应。
【第22题】在基层乡镇乘坐交通工具时，志愿者必须坚决拒绝乘坐____。,正规客运班车,无牌无证、超载及农用三轮车,公交车,B,严禁乘坐非法营运、无牌无证、超载及不具备载客条件的农用车、三轮车。
【第23题】突发地震时，如果在室内，正确的避险做法是？,迅速跳楼逃生,躲在坚固的家具旁或卫生间等小跨度空间，保护头部,马上乘坐电梯下楼,B,应就近躲避在坚固家具旁或卫生间等小开间区域，震后迅速撤离。跳楼和乘电梯极其危险。
【第24题】宿舍发生火灾且火势和浓烟封锁了逃生通道，应该____。,用湿毛巾捂住口鼻强行冲出去,退回房间，用湿毛巾、衣物堵住门缝，在窗边呼救等待救援,躲在床底下,B,通道被浓烟封锁时，应退回室内固守待援，并做好防烟措施。
【第25题】遇到电信网络诈骗，防范的核心原则是？,相信“内部人员”的指示,做到“不听、不信、不转账”,为了证明清白可以先转一点钱,B,防范电信诈骗要做到不轻信、不透露、不转账，遇到可疑情况及时报警。
【第26题】在户外开展志愿服务突遇雷雨天气，以下做法错误的是？,远离高耸的大树和金属电线杆,赶紧跑到大树下避雨,双脚并拢蹲下，降低身体高度,B,雷雨天绝对不能在大树下避雨，容易遭到雷击。
【第27题】基层工作压力大，当志愿者感到长期焦虑、情绪低落时，最佳做法是？,一个人闷在心里硬扛,向项目办反映，寻求专业心理咨询和倾诉支持,借酒消愁,B,关注心理健康，遇到情绪困扰应主动寻求组织支持或专业心理疏导。
【第28题】发生煤气（一氧化碳）中毒时，首要的急救措施是？,立刻打开电器照明查看情况,迅速打开门窗通风，并将患者转移到空气新鲜处,给患者灌醋,B,首要措施是切断气源，开窗通风，转移患者。千万不能触碰电器开关以免引发爆炸。
【第29题】西部某些偏远地区可能有野生动物出没，野外行走应____。,结伴而行，不走未经开发的小路,独自探险以体验刺激,主动靠近投喂野生动物,A,应增强防范意识，结伴而行，远离危险区域。
【第30题】志愿者在驻地使用电暖器等大功率电器时，必须做到____。,人走不断电，保持室内温暖,人走断电，严禁在电暖器上烘烤衣物,与其他大功率电器共用一个排插,B,冬季取暖必须注意消防安全，人走断电，防止引发火灾。
